{"core":{"reicast_texupscale":"1","reicast_threaded_rendering":"disabled","reicast_analog_stick_deadzone":"15%","reicast_custom_textures":"disabled","reicast_language":"English","reicast_vmu_sound":"disabled","reicast_boot_to_bios":"disabled","reicast_force_freeplay":"enabled","reicast_region":"USA","reicast_device_port4_slot1":"VMU","reicast_hle_bios":"disabled","reicast_enable_dsp":"enabled","reicast_auto_skip_frame":"disabled","reicast_lightgun_crosshair_size_scaling":"100%","reicast_vmu1_screen_display":"disabled","reicast_allow_service_buttons":"disabled","reicast_dc_32mb_mod":"disabled","reicast_emulate_bba":"disabled","reicast_device_port2_slot2":"Purupuru","reicast_upnp":"enabled","reicast_internal_resolution":"640x480","reicast_cable_type":"TV (Composite)","reicast_lightgun3_crosshair":"disabled","reicast_broadcast":"NTSC","reicast_device_port4_slot2":"Purupuru","reicast_screen_rotation":"horizontal","reicast_gdrom_fast_loading":"disabled","reicast_sh4clock":"200","reicast_alpha_sorting":"per-triangle (normal)","reicast_oit_abuffer_size":"512MB","reicast_anisotropic_filtering":"4","reicast_oit_layers":"32","reicast_emulate_framebuffer":"disabled","reicast_enable_rttb":"disabled","reicast_mipmapping":"enabled","reicast_fog":"enabled","reicast_volume_modifier_enable":"enabled","reicast_texture_filtering":"0","reicast_device_port3_slot2":"Purupuru","reicast_delay_frame_swapping":"enabled","reicast_trigger_deadzone":"0%","reicast_detect_vsync_swap_interval":"disabled","reicast_per_content_vmus":"disabled","reicast_pvr2_filtering":"disabled","reicast_texupscale_max_filtered_texture_size":"256","reicast_frame_skipping":"disabled","reicast_native_depth_interpolation":"disabled","reicast_fix_upscale_bleeding_edge":"enabled","reicast_widescreen_cheats":"disabled","reicast_device_port1_slot2":"Purupuru","reicast_widescreen_hack":"disabled","reicast_lightgun4_crosshair":"disabled","reicast_dump_textures":"disabled","reicast_digital_triggers":"disabled","reicast_network_output":"disabled","reicast_show_lightgun_settings":"disabled","reicast_lightgun1_crosshair":"disabled","reicast_lightgun2_crosshair":"disabled","reicast_vmu1_screen_size_mult":"1x","reicast_device_port1_slot1":"VMU","reicast_device_port2_slot1":"VMU","reicast_vmu2_pixel_on_color":"DEFAULT_ON 00","reicast_device_port3_slot1":"VMU","reicast_show_vmu_screen_settings":"disabled","reicast_vmu1_screen_position":"Upper Left","reicast_vmu1_pixel_on_color":"DEFAULT_ON 00","reicast_vmu1_pixel_off_color":"DEFAULT_OFF 01","reicast_vmu1_screen_opacity":"100%","reicast_vmu2_screen_display":"disabled","reicast_vmu2_screen_position":"Upper Right","reicast_vmu2_screen_size_mult":"1x","reicast_vmu2_pixel_off_color":"DEFAULT_OFF 01","reicast_vmu2_screen_opacity":"100%","reicast_vmu3_screen_display":"disabled","reicast_vmu3_screen_position":"Lower Left","reicast_vmu3_screen_size_mult":"1x","reicast_vmu3_pixel_on_color":"DEFAULT_ON 00","reicast_vmu3_pixel_off_color":"DEFAULT_OFF 01","reicast_vmu3_screen_opacity":"100%","reicast_vmu4_screen_display":"disabled","reicast_vmu4_screen_position":"Lower Right","reicast_vmu4_screen_size_mult":"1x","reicast_vmu4_pixel_on_color":"DEFAULT_ON 00","reicast_vmu4_pixel_off_color":"DEFAULT_OFF 01","reicast_vmu4_screen_opacity":"100%"},"input":[{"port":1,"device":1},{"port":2,"device":1},{"port":3,"device":1},{"port":4,"device":1},{"port":5,"device":0},{"port":6,"device":0},{"port":7,"device":0},{"port":8,"device":0}]}