{"core":{"gearsystem_system":"Auto","gearsystem_region":"Auto","gearsystem_aspect_ratio":"1:1 PAR","gearsystem_up_down_allowed":"Disabled","gearsystem_mapper":"Auto","gearsystem_bios_sms":"Disabled","gearsystem_timing":"Auto","gearsystem_overscan":"Disabled","gearsystem_bios_gg":"Disabled","gearsystem_ym2413":"Auto","gearsystem_glasses":"Both Eyes / OFF"},"input":[{"port":1,"device":1},{"port":2,"device":1},{"port":3,"device":0},{"port":4,"device":0},{"port":5,"device":0},{"port":6,"device":0},{"port":7,"device":0},{"port":8,"device":0}]}