{"core":{"mesen-s_ntsc_filter":"Disabled","mesen-s_aspect_ratio":"Auto","mesen-s_region":"Auto","mesen-s_superfx_overclock":"100%","mesen-s_overscan_vertical":"None","mesen-s_gbmodel":"Auto","mesen-s_sgb2":"enabled","mesen-s_overscan_horizontal":"None","mesen-s_blend_high_res":"disabled","mesen-s_cubic_interpolation":"disabled","mesen-s_overclock":"None","mesen-s_overclock_type":"Before NMI","mesen-s_ramstate":"Random Values (Default)","mesen-s_hle_coprocessor":"disabled"},"input":[{"port":1,"device":1},{"port":2,"device":1},{"port":3,"device":1},{"port":4,"device":1},{"port":5,"device":1},{"port":6,"device":0},{"port":7,"device":0},{"port":8,"device":0}]}