{"core":{"mesen_fdsautoinsertdisk":"disabled","mesen_region":"Auto","mesen_overclock":"None","mesen_overclock_type":"Before NMI (Recommended)","mesen_overscan_up":"None","mesen_ramstate":"All 0s (Default)","mesen_fdsfastforwardload":"disabled","mesen_palette":"Default","mesen_ntsc_filter":"Disabled","mesen_nospritelimit":"disabled","mesen_overscan_left":"None","mesen_screenrotation":"None","mesen_overscan_right":"None","mesen_overscan_down":"None","mesen_aspect_ratio":"Auto","mesen_hdpacks":"enabled","mesen_fake_stereo":"disabled","mesen_mute_triangle_ultrasonic":"enabled","mesen_reduce_dmc_popping":"enabled","mesen_swap_duty_cycle":"disabled","mesen_disable_noise_mode_flag":"disabled","mesen_audio_sample_rate":"48000","mesen_controllerturbospeed":"Fast","mesen_shift_buttons_clockwise":"disabled"},"input":[{"port":1,"device":1},{"port":2,"device":1},{"port":3,"device":1},{"port":4,"device":1},{"port":5,"device":1},{"port":6,"device":0},{"port":7,"device":0},{"port":8,"device":0}]}