{"core":{"mgba_gb_model":"Autodetect","mgba_use_bios":"ON","mgba_interframe_blending":"OFF","mgba_skip_bios":"OFF","mgba_gb_colors_preset":"0","mgba_frameskip":"disabled","mgba_gb_colors":"Grayscale","mgba_sgb_borders":"ON","mgba_color_correction":"OFF","mgba_audio_low_pass_filter":"disabled","mgba_audio_low_pass_range":"60","mgba_allow_opposing_directions":"no","mgba_solar_sensor_level":"0","mgba_force_gbp":"OFF","mgba_idle_optimization":"Remove Known","mgba_frameskip_threshold":"33","mgba_frameskip_interval":"0"},"input":[{"port":1,"device":1},{"port":2,"device":0},{"port":3,"device":0},{"port":4,"device":0},{"port":5,"device":0},{"port":6,"device":0},{"port":7,"device":0},{"port":8,"device":0}]}