{"core":{"pcsx_rearmed_region":"auto","pcsx_rearmed_bios":"auto","pcsx_rearmed_show_bios_bootlogo":"disabled","pcsx_rearmed_gunconadjustratioy":"1.00","pcsx_rearmed_display_fps_v2":"disabled","pcsx_rearmed_psxclock":"auto","pcsx_rearmed_fractional_framerate":"auto","pcsx_rearmed_memcard2":"disabled","pcsx_rearmed_drc":"enabled","pcsx_rearmed_neon_interlace_enable_v2":"auto","pcsx_rearmed_cd_readahead":"12","pcsx_rearmed_multitap":"disabled","pcsx_rearmed_dithering":"enabled","pcsx_rearmed_crosshair1":"disabled","pcsx_rearmed_frameskip_type":"disabled","pcsx_rearmed_frameskip_threshold":"33","pcsx_rearmed_frameskip_interval":"3","pcsx_rearmed_gpu_slow_llists":"auto","pcsx_rearmed_show_overscan":"disabled","pcsx_rearmed_analog_axis_modifier":"circle","pcsx_rearmed_neon_enhancement_tex_adj_v2":"enabled","pcsx_rearmed_screen_centering":"auto","pcsx_rearmed_spu_reverb":"enabled","pcsx_rearmed_screen_centering_x":"0","pcsx_rearmed_screen_centering_y":"0","pcsx_rearmed_neon_enhancement_enable":"disabled","pcsx_rearmed_neon_enhancement_no_main":"disabled","pcsx_rearmed_spu_interpolation":"simple","pcsx_rearmed_nocdaudio":"enabled","pcsx_rearmed_noxadecoding":"enabled","pcsx_rearmed_show_input_settings":"disabled","pcsx_rearmed_vibration":"enabled","pcsx_rearmed_analog_combo":"l1+r1+select","pcsx_rearmed_negcon_deadzone":"0","pcsx_rearmed_negcon_response":"linear","pcsx_rearmed_input_sensitivity":"1.00","pcsx_rearmed_crosshair2":"disabled","pcsx_rearmed_konamigunadjustx":"0","pcsx_rearmed_konamigunadjusty":"0","pcsx_rearmed_gunconadjustx":"0","pcsx_rearmed_gunconadjusty":"0","pcsx_rearmed_gunconadjustratiox":"1.00","pcsx_rearmed_icache_emulation":"enabled","pcsx_rearmed_exception_emulation":"disabled","pcsx_rearmed_cd_turbo":"disabled","pcsx_rearmed_nostalls":"disabled"},"input":[{"port":1,"device":1},{"port":2,"device":1},{"port":3,"device":1},{"port":4,"device":1},{"port":5,"device":1},{"port":6,"device":1},{"port":7,"device":1},{"port":8,"device":1}]}